{
    "results": {
        "tool": {
            "name": "pytest",
            "version": "8.4.1"
        },
        "summary": {
            "tests": 2,
            "passed": 2,
            "failed": 0,
            "skipped": 0,
            "pending": 0,
            "other": 0,
            "start": 1776238700.217523,
            "stop": 1776238700.3096204
        },
        "tests": [
            {
                "name": "test_outputs.py::test_solution_file",
                "status": "passed",
                "duration": 0.0007091530003435764,
                "start": 1776238700.3073459,
                "stop": 1776238700.3083634,
                "retries": 0,
                "file_path": "test_outputs.py"
            },
            {
                "name": "test_outputs.py::test_solution_content",
                "status": "passed",
                "duration": 0.0006295339999269345,
                "start": 1776238700.30862,
                "stop": 1776238700.3094208,
                "retries": 0,
                "file_path": "test_outputs.py"
            }
        ]
    }
}