{
    "results": {
        "tool": {
            "name": "pytest",
            "version": "8.4.1"
        },
        "summary": {
            "tests": 1,
            "passed": 1,
            "failed": 0,
            "skipped": 0,
            "pending": 0,
            "other": 0,
            "start": 1777021552.2467046,
            "stop": 1777021552.3193753
        },
        "tests": [
            {
                "name": "test_outputs.py::test_tests_output",
                "status": "passed",
                "duration": 0.0006581019993063819,
                "start": 1777021552.3182342,
                "stop": 1777021552.319173,
                "retries": 0,
                "file_path": "test_outputs.py"
            }
        ]
    }
}