{
    "results": {
        "tool": {
            "name": "pytest",
            "version": "8.4.1"
        },
        "summary": {
            "tests": 2,
            "passed": 2,
            "failed": 0,
            "skipped": 0,
            "pending": 0,
            "other": 0,
            "start": 1775806918.217716,
            "stop": 1775806918.7321293
        },
        "tests": [
            {
                "name": "test_outputs.py::test_extract_js_exists",
                "status": "passed",
                "duration": 0.0006604529999094666,
                "start": 1775806918.3226986,
                "stop": 1775806918.3236706,
                "retries": 0,
                "file_path": "test_outputs.py"
            },
            {
                "name": "test_outputs.py::test_output_matches_reference",
                "status": "passed",
                "duration": 0.40778085100009775,
                "start": 1775806918.3238866,
                "stop": 1775806918.7319036,
                "retries": 0,
                "file_path": "test_outputs.py"
            }
        ]
    }
}