{
    "results": {
        "tool": {
            "name": "pytest",
            "version": "8.4.1"
        },
        "summary": {
            "tests": 2,
            "passed": 2,
            "failed": 0,
            "skipped": 0,
            "pending": 0,
            "other": 0,
            "start": 1775547185.9969268,
            "stop": 1775547186.7991023
        },
        "tests": [
            {
                "name": "test_outputs.py::test_extract_js_exists",
                "status": "passed",
                "duration": 0.0006363909999436146,
                "start": 1775547186.1525104,
                "stop": 1775547186.1534288,
                "retries": 0,
                "file_path": "test_outputs.py"
            },
            {
                "name": "test_outputs.py::test_output_matches_reference",
                "status": "passed",
                "duration": 0.6448765009997715,
                "start": 1775547186.1536953,
                "stop": 1775547186.7988632,
                "retries": 0,
                "file_path": "test_outputs.py"
            }
        ]
    }
}