{
    "results": {
        "tool": {
            "name": "pytest",
            "version": "8.4.1"
        },
        "summary": {
            "tests": 2,
            "passed": 2,
            "failed": 0,
            "skipped": 0,
            "pending": 0,
            "other": 0,
            "start": 1776328854.4179578,
            "stop": 1776328854.4909787
        },
        "tests": [
            {
                "name": "test_outputs.py::test_recovery_file_exists",
                "status": "passed",
                "duration": 0.0004662329997699999,
                "start": 1776328854.4894392,
                "stop": 1776328854.4901192,
                "retries": 0,
                "file_path": "test_outputs.py"
            },
            {
                "name": "test_outputs.py::test_password_match",
                "status": "passed",
                "duration": 0.0003973230000156036,
                "start": 1776328854.490326,
                "stop": 1776328854.4908395,
                "retries": 0,
                "file_path": "test_outputs.py"
            }
        ]
    }
}