{
    "results": {
        "tool": {
            "name": "pytest",
            "version": "8.4.1"
        },
        "summary": {
            "tests": 1,
            "passed": 1,
            "failed": 0,
            "skipped": 0,
            "pending": 0,
            "other": 0,
            "start": 1775723823.1825576,
            "stop": 1775723823.2402956
        },
        "tests": [
            {
                "name": "test_outputs.py::test_tests_output",
                "status": "passed",
                "duration": 0.0005602259998340742,
                "start": 1775723823.2393827,
                "stop": 1775723823.2401383,
                "retries": 0,
                "file_path": "test_outputs.py"
            }
        ]
    }
}