{
    "results": {
        "tool": {
            "name": "pytest",
            "version": "8.4.1"
        },
        "summary": {
            "tests": 1,
            "passed": 1,
            "failed": 0,
            "skipped": 0,
            "pending": 0,
            "other": 0,
            "start": 1776932234.6819391,
            "stop": 1776932234.739208
        },
        "tests": [
            {
                "name": "test_outputs.py::test_move_correct",
                "status": "passed",
                "duration": 0.0004065040000114095,
                "start": 1776932234.7384734,
                "stop": 1776932234.7390635,
                "retries": 0,
                "file_path": "test_outputs.py"
            }
        ]
    }
}