{
    "results": {
        "tool": {
            "name": "pytest",
            "version": "8.4.1"
        },
        "summary": {
            "tests": 2,
            "passed": 2,
            "failed": 0,
            "skipped": 0,
            "pending": 0,
            "other": 0,
            "start": 1776498617.5133183,
            "stop": 1776498617.5880811
        },
        "tests": [
            {
                "name": "test_outputs.py::test_recovery_file_exists",
                "status": "passed",
                "duration": 0.00045772499970553326,
                "start": 1776498617.586594,
                "stop": 1776498617.5872488,
                "retries": 0,
                "file_path": "test_outputs.py"
            },
            {
                "name": "test_outputs.py::test_password_match",
                "status": "passed",
                "duration": 0.0004167290003351809,
                "start": 1776498617.5874112,
                "stop": 1776498617.5879483,
                "retries": 0,
                "file_path": "test_outputs.py"
            }
        ]
    }
}