{
    "results": {
        "tool": {
            "name": "pytest",
            "version": "8.4.1"
        },
        "summary": {
            "tests": 1,
            "passed": 1,
            "failed": 0,
            "skipped": 0,
            "pending": 0,
            "other": 0,
            "start": 1775464341.8388193,
            "stop": 1775464341.9021344
        },
        "tests": [
            {
                "name": "test_outputs.py::test_tests_output",
                "status": "passed",
                "duration": 0.0004805909998140123,
                "start": 1775464341.901309,
                "stop": 1775464341.9019659,
                "retries": 0,
                "file_path": "test_outputs.py"
            }
        ]
    }
}