{
    "results": {
        "tool": {
            "name": "pytest",
            "version": "8.4.1"
        },
        "summary": {
            "tests": 2,
            "passed": 2,
            "failed": 0,
            "skipped": 0,
            "pending": 0,
            "other": 0,
            "start": 1776583873.7996056,
            "stop": 1776583873.919876
        },
        "tests": [
            {
                "name": "test_outputs.py::test_solution_file",
                "status": "passed",
                "duration": 0.0006222280001111358,
                "start": 1776583873.9147446,
                "stop": 1776583873.9156826,
                "retries": 0,
                "file_path": "test_outputs.py"
            },
            {
                "name": "test_outputs.py::test_solution_content",
                "status": "passed",
                "duration": 0.0005622959997708676,
                "start": 1776583873.9159148,
                "stop": 1776583873.9196742,
                "retries": 0,
                "file_path": "test_outputs.py"
            }
        ]
    }
}