{
    "results": {
        "tool": {
            "name": "pytest",
            "version": "8.4.1"
        },
        "summary": {
            "tests": 2,
            "passed": 2,
            "failed": 0,
            "skipped": 0,
            "pending": 0,
            "other": 0,
            "start": 1777018699.2276785,
            "stop": 1777018699.8573494
        },
        "tests": [
            {
                "name": "test_outputs.py::test_extract_js_exists",
                "status": "passed",
                "duration": 0.0016069249998054147,
                "start": 1777018699.326811,
                "stop": 1777018699.3287191,
                "retries": 0,
                "file_path": "test_outputs.py"
            },
            {
                "name": "test_outputs.py::test_output_matches_reference",
                "status": "passed",
                "duration": 0.5278695690001314,
                "start": 1777018699.3289878,
                "stop": 1777018699.8571122,
                "retries": 0,
                "file_path": "test_outputs.py"
            }
        ]
    }
}