{
    "results": {
        "tool": {
            "name": "pytest",
            "version": "8.4.1"
        },
        "summary": {
            "tests": 1,
            "passed": 1,
            "failed": 0,
            "skipped": 0,
            "pending": 0,
            "other": 0,
            "start": 1776156065.9012084,
            "stop": 1776156065.9745288
        },
        "tests": [
            {
                "name": "test_outputs.py::test_tests_output",
                "status": "passed",
                "duration": 0.0006736270006513223,
                "start": 1776156065.9733765,
                "stop": 1776156065.9742956,
                "retries": 0,
                "file_path": "test_outputs.py"
            }
        ]
    }
}