{
    "results": {
        "tool": {
            "name": "pytest",
            "version": "8.4.1"
        },
        "summary": {
            "tests": 2,
            "passed": 2,
            "failed": 0,
            "skipped": 0,
            "pending": 0,
            "other": 0,
            "start": 1776068240.921627,
            "stop": 1776068241.6742775
        },
        "tests": [
            {
                "name": "test_outputs.py::test_extract_js_exists",
                "status": "passed",
                "duration": 0.0007131390002541593,
                "start": 1776068241.0256975,
                "stop": 1776068241.0267508,
                "retries": 0,
                "file_path": "test_outputs.py"
            },
            {
                "name": "test_outputs.py::test_output_matches_reference",
                "status": "passed",
                "duration": 0.6467595569999958,
                "start": 1776068241.0269973,
                "stop": 1776068241.6740162,
                "retries": 0,
                "file_path": "test_outputs.py"
            }
        ]
    }
}