{
    "results": {
        "tool": {
            "name": "pytest",
            "version": "8.4.1"
        },
        "summary": {
            "tests": 2,
            "passed": 2,
            "failed": 0,
            "skipped": 0,
            "pending": 0,
            "other": 0,
            "start": 1776760627.5108128,
            "stop": 1776760627.6639152
        },
        "tests": [
            {
                "name": "test_outputs.py::test_recovery_file_exists",
                "status": "passed",
                "duration": 0.0006625179998991371,
                "start": 1776760627.661835,
                "stop": 1776760627.6627839,
                "retries": 0,
                "file_path": "test_outputs.py"
            },
            {
                "name": "test_outputs.py::test_password_match",
                "status": "passed",
                "duration": 0.0005655969998770161,
                "start": 1776760627.66301,
                "stop": 1776760627.663736,
                "retries": 0,
                "file_path": "test_outputs.py"
            }
        ]
    }
}