{
    "results": {
        "tool": {
            "name": "pytest",
            "version": "8.4.1"
        },
        "summary": {
            "tests": 2,
            "passed": 2,
            "failed": 0,
            "skipped": 0,
            "pending": 0,
            "other": 0,
            "start": 1776844618.1302059,
            "stop": 1776844618.3076053
        },
        "tests": [
            {
                "name": "test_outputs.py::test_solution_file",
                "status": "passed",
                "duration": 0.0026655160000927935,
                "start": 1776844618.303481,
                "stop": 1776844618.3064573,
                "retries": 0,
                "file_path": "test_outputs.py"
            },
            {
                "name": "test_outputs.py::test_solution_content",
                "status": "passed",
                "duration": 0.00047051900003225455,
                "start": 1776844618.306769,
                "stop": 1776844618.3073926,
                "retries": 0,
                "file_path": "test_outputs.py"
            }
        ]
    }
}