{
    "results": {
        "tool": {
            "name": "pytest",
            "version": "8.4.1"
        },
        "summary": {
            "tests": 2,
            "passed": 2,
            "failed": 0,
            "skipped": 0,
            "pending": 0,
            "other": 0,
            "start": 1775978914.081676,
            "stop": 1775978915.0322227
        },
        "tests": [
            {
                "name": "test_outputs.py::test_extract_js_exists",
                "status": "passed",
                "duration": 0.0008024740000109887,
                "start": 1775978914.2420962,
                "stop": 1775978914.2432761,
                "retries": 0,
                "file_path": "test_outputs.py"
            },
            {
                "name": "test_outputs.py::test_output_matches_reference",
                "status": "passed",
                "duration": 0.7881007219998537,
                "start": 1775978914.2435658,
                "stop": 1775978915.0319445,
                "retries": 0,
                "file_path": "test_outputs.py"
            }
        ]
    }
}