{
    "results": {
        "tool": {
            "name": "pytest",
            "version": "8.4.1"
        },
        "summary": {
            "tests": 2,
            "passed": 2,
            "failed": 0,
            "skipped": 0,
            "pending": 0,
            "other": 0,
            "start": 1776240634.4947162,
            "stop": 1776240634.63127
        },
        "tests": [
            {
                "name": "test_outputs.py::test_recovery_file_exists",
                "status": "passed",
                "duration": 0.0008725350003260246,
                "start": 1776240634.6261675,
                "stop": 1776240634.6273348,
                "retries": 0,
                "file_path": "test_outputs.py"
            },
            {
                "name": "test_outputs.py::test_password_match",
                "status": "passed",
                "duration": 0.003352323999934015,
                "start": 1776240634.6275547,
                "stop": 1776240634.631079,
                "retries": 0,
                "file_path": "test_outputs.py"
            }
        ]
    }
}