{
    "results": {
        "tool": {
            "name": "pytest",
            "version": "8.4.1"
        },
        "summary": {
            "tests": 2,
            "passed": 2,
            "failed": 0,
            "skipped": 0,
            "pending": 0,
            "other": 0,
            "start": 1775720214.117964,
            "stop": 1775720214.7480502
        },
        "tests": [
            {
                "name": "test_outputs.py::test_extract_js_exists",
                "status": "passed",
                "duration": 0.0006903020000663673,
                "start": 1775720214.2347548,
                "stop": 1775720214.2357335,
                "retries": 0,
                "file_path": "test_outputs.py"
            },
            {
                "name": "test_outputs.py::test_output_matches_reference",
                "status": "passed",
                "duration": 0.5114494089998516,
                "start": 1775720214.2359955,
                "stop": 1775720214.7476926,
                "retries": 0,
                "file_path": "test_outputs.py"
            }
        ]
    }
}