{
    "results": {
        "tool": {
            "name": "pytest",
            "version": "8.4.1"
        },
        "summary": {
            "tests": 2,
            "passed": 2,
            "failed": 0,
            "skipped": 0,
            "pending": 0,
            "other": 0,
            "start": 1777189103.0914783,
            "stop": 1777189103.1980438
        },
        "tests": [
            {
                "name": "test_outputs.py::test_solution_file",
                "status": "passed",
                "duration": 0.0006541850000303384,
                "start": 1777189103.195866,
                "stop": 1777189103.1968422,
                "retries": 0,
                "file_path": "test_outputs.py"
            },
            {
                "name": "test_outputs.py::test_solution_content",
                "status": "passed",
                "duration": 0.0006055120001065006,
                "start": 1777189103.1970716,
                "stop": 1777189103.1978505,
                "retries": 0,
                "file_path": "test_outputs.py"
            }
        ]
    }
}