{
    "results": {
        "tool": {
            "name": "pytest",
            "version": "8.4.1"
        },
        "summary": {
            "tests": 1,
            "passed": 1,
            "failed": 0,
            "skipped": 0,
            "pending": 0,
            "other": 0,
            "start": 1777278775.1942515,
            "stop": 1777278775.3965292
        },
        "tests": [
            {
                "name": "test_outputs.py::test_primers",
                "status": "passed",
                "duration": 0.010084631999916382,
                "start": 1777278775.3859384,
                "stop": 1777278775.3963072,
                "retries": 0,
                "file_path": "test_outputs.py"
            }
        ]
    }
}