{
    "results": {
        "tool": {
            "name": "pytest",
            "version": "8.4.1"
        },
        "summary": {
            "tests": 2,
            "passed": 2,
            "failed": 0,
            "skipped": 0,
            "pending": 0,
            "other": 0,
            "start": 1776154899.0233786,
            "stop": 1776154899.1651642
        },
        "tests": [
            {
                "name": "test_outputs.py::test_recovery_file_exists",
                "status": "passed",
                "duration": 0.0006406840002455283,
                "start": 1776154899.1630385,
                "stop": 1776154899.16401,
                "retries": 0,
                "file_path": "test_outputs.py"
            },
            {
                "name": "test_outputs.py::test_password_match",
                "status": "passed",
                "duration": 0.0005446449999908509,
                "start": 1776154899.1642363,
                "stop": 1776154899.1649725,
                "retries": 0,
                "file_path": "test_outputs.py"
            }
        ]
    }
}