{
    "results": {
        "tool": {
            "name": "pytest",
            "version": "8.4.1"
        },
        "summary": {
            "tests": 1,
            "passed": 1,
            "failed": 0,
            "skipped": 0,
            "pending": 0,
            "other": 0,
            "start": 1775891694.5928857,
            "stop": 1775891694.8865645
        },
        "tests": [
            {
                "name": "test_outputs.py::test_primers",
                "status": "passed",
                "duration": 0.00845477900008973,
                "start": 1775891694.8773606,
                "stop": 1775891694.8862844,
                "retries": 0,
                "file_path": "test_outputs.py"
            }
        ]
    }
}