{
    "results": {
        "tool": {
            "name": "pytest",
            "version": "8.4.1"
        },
        "summary": {
            "tests": 2,
            "passed": 2,
            "failed": 0,
            "skipped": 0,
            "pending": 0,
            "other": 0,
            "start": 1777280408.1851428,
            "stop": 1777280408.4200025
        },
        "tests": [
            {
                "name": "test_outputs.py::test_recovery_file_exists",
                "status": "passed",
                "duration": 0.000676359999943088,
                "start": 1777280408.4088445,
                "stop": 1777280408.4098473,
                "retries": 0,
                "file_path": "test_outputs.py"
            },
            {
                "name": "test_outputs.py::test_password_match",
                "status": "passed",
                "duration": 0.0007481750003535126,
                "start": 1777280408.4187849,
                "stop": 1777280408.4197493,
                "retries": 0,
                "file_path": "test_outputs.py"
            }
        ]
    }
}