{
    "results": {
        "tool": {
            "name": "pytest",
            "version": "8.4.1"
        },
        "summary": {
            "tests": 2,
            "passed": 2,
            "failed": 0,
            "skipped": 0,
            "pending": 0,
            "other": 0,
            "start": 1777020423.349314,
            "stop": 1777020423.4540575
        },
        "tests": [
            {
                "name": "test_outputs.py::test_recovery_file_exists",
                "status": "passed",
                "duration": 0.000588459999562474,
                "start": 1777020423.4518313,
                "stop": 1777020423.4526606,
                "retries": 0,
                "file_path": "test_outputs.py"
            },
            {
                "name": "test_outputs.py::test_password_match",
                "status": "passed",
                "duration": 0.000711319999936677,
                "start": 1777020423.452853,
                "stop": 1777020423.4537542,
                "retries": 0,
                "file_path": "test_outputs.py"
            }
        ]
    }
}