{
    "results": {
        "tool": {
            "name": "pytest",
            "version": "8.4.1"
        },
        "summary": {
            "tests": 1,
            "passed": 1,
            "failed": 0,
            "skipped": 0,
            "pending": 0,
            "other": 0,
            "start": 1777192353.1261175,
            "stop": 1777192353.2022188
        },
        "tests": [
            {
                "name": "test_outputs.py::test_tests_output",
                "status": "passed",
                "duration": 0.0005299900003592484,
                "start": 1777192353.2013533,
                "stop": 1777192353.2020698,
                "retries": 0,
                "file_path": "test_outputs.py"
            }
        ]
    }
}