{
    "results": {
        "tool": {
            "name": "pytest",
            "version": "8.4.1"
        },
        "summary": {
            "tests": 2,
            "passed": 2,
            "failed": 0,
            "skipped": 0,
            "pending": 0,
            "other": 0,
            "start": 1776844796.2222471,
            "stop": 1776844798.0662894
        },
        "tests": [
            {
                "name": "test_outputs.py::test_extract_js_exists",
                "status": "passed",
                "duration": 0.004816939999955139,
                "start": 1776844797.1132917,
                "stop": 1776844797.1186445,
                "retries": 0,
                "file_path": "test_outputs.py"
            },
            {
                "name": "test_outputs.py::test_output_matches_reference",
                "status": "passed",
                "duration": 0.9467717249997349,
                "start": 1776844797.1189616,
                "stop": 1776844798.0660207,
                "retries": 0,
                "file_path": "test_outputs.py"
            }
        ]
    }
}