{
    "results": {
        "tool": {
            "name": "pytest",
            "version": "8.4.1"
        },
        "summary": {
            "tests": 1,
            "passed": 1,
            "failed": 0,
            "skipped": 0,
            "pending": 0,
            "other": 0,
            "start": 1776584623.2640338,
            "stop": 1776584623.3646643
        },
        "tests": [
            {
                "name": "test_outputs.py::test_move_correct",
                "status": "passed",
                "duration": 0.0006571660001100099,
                "start": 1776584623.3635125,
                "stop": 1776584623.3644176,
                "retries": 0,
                "file_path": "test_outputs.py"
            }
        ]
    }
}