{
    "results": {
        "tool": {
            "name": "pytest",
            "version": "8.4.1"
        },
        "summary": {
            "tests": 2,
            "passed": 2,
            "failed": 0,
            "skipped": 0,
            "pending": 0,
            "other": 0,
            "start": 1777278962.0676894,
            "stop": 1777278963.2544444
        },
        "tests": [
            {
                "name": "test_outputs.py::test_extract_js_exists",
                "status": "passed",
                "duration": 0.0006999660000701624,
                "start": 1777278962.1922204,
                "stop": 1777278962.1935759,
                "retries": 0,
                "file_path": "test_outputs.py"
            },
            {
                "name": "test_outputs.py::test_output_matches_reference",
                "status": "passed",
                "duration": 1.0600591230000873,
                "start": 1777278962.193873,
                "stop": 1777278963.2542279,
                "retries": 0,
                "file_path": "test_outputs.py"
            }
        ]
    }
}