{
    "results": {
        "tool": {
            "name": "pytest",
            "version": "8.4.1"
        },
        "summary": {
            "tests": 2,
            "passed": 2,
            "failed": 0,
            "skipped": 0,
            "pending": 0,
            "other": 0,
            "start": 1775463023.2566426,
            "stop": 1775463023.4636729
        },
        "tests": [
            {
                "name": "test_outputs.py::test_recovery_file_exists",
                "status": "passed",
                "duration": 0.0006677500005025649,
                "start": 1775463023.4583879,
                "stop": 1775463023.4624074,
                "retries": 0,
                "file_path": "test_outputs.py"
            },
            {
                "name": "test_outputs.py::test_password_match",
                "status": "passed",
                "duration": 0.0006092620001254545,
                "start": 1775463023.4626849,
                "stop": 1775463023.4634652,
                "retries": 0,
                "file_path": "test_outputs.py"
            }
        ]
    }
}