{
    "results": {
        "tool": {
            "name": "pytest",
            "version": "8.4.1"
        },
        "summary": {
            "tests": 1,
            "passed": 1,
            "failed": 0,
            "skipped": 0,
            "pending": 0,
            "other": 0,
            "start": 1777454101.3539453,
            "stop": 1777454101.4203715
        },
        "tests": [
            {
                "name": "test_outputs.py::test_tests_output",
                "status": "passed",
                "duration": 0.0005239550005171623,
                "start": 1777454101.4195058,
                "stop": 1777454101.4202182,
                "retries": 0,
                "file_path": "test_outputs.py"
            }
        ]
    }
}