{
    "results": {
        "tool": {
            "name": "pytest",
            "version": "8.4.1"
        },
        "summary": {
            "tests": 1,
            "passed": 1,
            "failed": 0,
            "skipped": 0,
            "pending": 0,
            "other": 0,
            "start": 1776327416.7300284,
            "stop": 1776327416.7906039
        },
        "tests": [
            {
                "name": "test_outputs.py::test_move_correct",
                "status": "passed",
                "duration": 0.000530692999745952,
                "start": 1776327416.7897208,
                "stop": 1776327416.7904453,
                "retries": 0,
                "file_path": "test_outputs.py"
            }
        ]
    }
}