{
    "results": {
        "tool": {
            "name": "pytest",
            "version": "8.4.1"
        },
        "summary": {
            "tests": 1,
            "passed": 1,
            "failed": 0,
            "skipped": 0,
            "pending": 0,
            "other": 0,
            "start": 1776241941.6892846,
            "stop": 1776241941.750483
        },
        "tests": [
            {
                "name": "test_outputs.py::test_tests_output",
                "status": "passed",
                "duration": 0.0005352649995984393,
                "start": 1776241941.7496142,
                "stop": 1776241941.7503324,
                "retries": 0,
                "file_path": "test_outputs.py"
            }
        ]
    }
}