{
    "results": {
        "tool": {
            "name": "pytest",
            "version": "8.4.1"
        },
        "summary": {
            "tests": 1,
            "passed": 1,
            "failed": 0,
            "skipped": 0,
            "pending": 0,
            "other": 0,
            "start": 1777365834.9038372,
            "stop": 1777365835.0452034
        },
        "tests": [
            {
                "name": "test_outputs.py::test_primers",
                "status": "passed",
                "duration": 0.0041731130002062855,
                "start": 1777365835.040526,
                "stop": 1777365835.044981,
                "retries": 0,
                "file_path": "test_outputs.py"
            }
        ]
    }
}