{
    "results": {
        "tool": {
            "name": "pytest",
            "version": "8.4.1"
        },
        "summary": {
            "tests": 2,
            "passed": 2,
            "failed": 0,
            "skipped": 0,
            "pending": 0,
            "other": 0,
            "start": 1776673120.4835696,
            "stop": 1776673121.0681887
        },
        "tests": [
            {
                "name": "test_outputs.py::test_extract_js_exists",
                "status": "passed",
                "duration": 0.0007789169999341539,
                "start": 1776673120.6059995,
                "stop": 1776673120.6071234,
                "retries": 0,
                "file_path": "test_outputs.py"
            },
            {
                "name": "test_outputs.py::test_output_matches_reference",
                "status": "passed",
                "duration": 0.4601655980002306,
                "start": 1776673120.6074128,
                "stop": 1776673121.0679235,
                "retries": 0,
                "file_path": "test_outputs.py"
            }
        ]
    }
}