{
    "results": {
        "tool": {
            "name": "pytest",
            "version": "8.4.1"
        },
        "summary": {
            "tests": 1,
            "passed": 1,
            "failed": 0,
            "skipped": 0,
            "pending": 0,
            "other": 0,
            "start": 1776329668.3383536,
            "stop": 1776329668.4104483
        },
        "tests": [
            {
                "name": "test_outputs.py::test_tests_output",
                "status": "passed",
                "duration": 0.0006974369998715702,
                "start": 1776329668.409294,
                "stop": 1776329668.4102414,
                "retries": 0,
                "file_path": "test_outputs.py"
            }
        ]
    }
}