{
    "results": {
        "tool": {
            "name": "pytest",
            "version": "8.4.1"
        },
        "summary": {
            "tests": 1,
            "passed": 1,
            "failed": 0,
            "skipped": 0,
            "pending": 0,
            "other": 0,
            "start": 1775981821.7481873,
            "stop": 1775981821.8162482
        },
        "tests": [
            {
                "name": "test_outputs.py::test_tests_output",
                "status": "passed",
                "duration": 0.0006041219999133318,
                "start": 1775981821.815235,
                "stop": 1775981821.8160653,
                "retries": 0,
                "file_path": "test_outputs.py"
            }
        ]
    }
}