{
    "results": {
        "tool": {
            "name": "pytest",
            "version": "8.4.1"
        },
        "summary": {
            "tests": 2,
            "passed": 2,
            "failed": 0,
            "skipped": 0,
            "pending": 0,
            "other": 0,
            "start": 1777365441.0950387,
            "stop": 1777365441.1843646
        },
        "tests": [
            {
                "name": "test_outputs.py::test_solution_file",
                "status": "passed",
                "duration": 0.0006771980000621625,
                "start": 1777365441.1821012,
                "stop": 1777365441.1831117,
                "retries": 0,
                "file_path": "test_outputs.py"
            },
            {
                "name": "test_outputs.py::test_solution_content",
                "status": "passed",
                "duration": 0.0006243290000611523,
                "start": 1777365441.1833704,
                "stop": 1777365441.1841695,
                "retries": 0,
                "file_path": "test_outputs.py"
            }
        ]
    }
}