{
    "results": {
        "tool": {
            "name": "pytest",
            "version": "8.4.1"
        },
        "summary": {
            "tests": 2,
            "passed": 2,
            "failed": 0,
            "skipped": 0,
            "pending": 0,
            "other": 0,
            "start": 1777018420.3132703,
            "stop": 1777018420.4044063
        },
        "tests": [
            {
                "name": "test_outputs.py::test_solution_file",
                "status": "passed",
                "duration": 0.0006502260001752802,
                "start": 1777018420.4021976,
                "stop": 1777018420.40316,
                "retries": 0,
                "file_path": "test_outputs.py"
            },
            {
                "name": "test_outputs.py::test_solution_content",
                "status": "passed",
                "duration": 0.0006302200000618541,
                "start": 1777018420.4034097,
                "stop": 1777018420.404211,
                "retries": 0,
                "file_path": "test_outputs.py"
            }
        ]
    }
}