{
    "results": {
        "tool": {
            "name": "pytest",
            "version": "8.4.1"
        },
        "summary": {
            "tests": 1,
            "passed": 1,
            "failed": 0,
            "skipped": 0,
            "pending": 0,
            "other": 0,
            "start": 1776239615.1413226,
            "stop": 1776239615.201052
        },
        "tests": [
            {
                "name": "test_outputs.py::test_move_correct",
                "status": "passed",
                "duration": 0.00047900200024741935,
                "start": 1776239615.2002277,
                "stop": 1776239615.200885,
                "retries": 0,
                "file_path": "test_outputs.py"
            }
        ]
    }
}