{
    "results": {
        "tool": {
            "name": "pytest",
            "version": "8.4.1"
        },
        "summary": {
            "tests": 1,
            "passed": 1,
            "failed": 0,
            "skipped": 0,
            "pending": 0,
            "other": 0,
            "start": 1776761907.785213,
            "stop": 1776761907.8564103
        },
        "tests": [
            {
                "name": "test_outputs.py::test_tests_output",
                "status": "passed",
                "duration": 0.0005711670009986847,
                "start": 1776761907.8554728,
                "stop": 1776761907.8562484,
                "retries": 0,
                "file_path": "test_outputs.py"
            }
        ]
    }
}