{
    "results": {
        "tool": {
            "name": "pytest",
            "version": "8.4.1"
        },
        "summary": {
            "tests": 2,
            "passed": 2,
            "failed": 0,
            "skipped": 0,
            "pending": 0,
            "other": 0,
            "start": 1777451196.7371206,
            "stop": 1777451196.8380878
        },
        "tests": [
            {
                "name": "test_outputs.py::test_solution_file",
                "status": "passed",
                "duration": 0.0006051549999028794,
                "start": 1777451196.83602,
                "stop": 1777451196.8369293,
                "retries": 0,
                "file_path": "test_outputs.py"
            },
            {
                "name": "test_outputs.py::test_solution_content",
                "status": "passed",
                "duration": 0.0005475990000149977,
                "start": 1777451196.8371594,
                "stop": 1777451196.8378987,
                "retries": 0,
                "file_path": "test_outputs.py"
            }
        ]
    }
}